snapshot_date,total_staked,tvl_usd,percentage_supply,active_wallets,median_stake,max_stake,zero_stake_wallets,tier0,tier1,tier2,tier3,tier4
2025-09-16,139921598.13389024,2098823.971357744,36.343682006197206,1215,4902.0,15866498.6397906,30,725,172,105,70,143
2025-09-17,144125659.13389024,1825280.8513577443,37.386682006197205,1224,4950.0,15866498.6397906,36,732,171,105,73,143
2025-09-18,147019002.68232098,2582938.633185,38.137225079720096,1227,5000.0,15866498.6397906,41,733,168,105,76,145
2025-09-19,146092734.8949999,2178404.8402201817,37.89694809208817,1232,4950.0,15866498.6397906,43,739,168,103,79,143
2025-09-20,146147060.4949999,2064094.8556656863,37.91104033592734,1235,4950.0,15866498.6397906,44,740,169,103,80,143
2025-09-21,144871947.78111526,2070412.813482686,37.58027179795467,1235,4950.0,15866498.6397906,46,741,171,100,81,142
2025-09-22,146005739.0263029,1881492.7355607208,37.87438107037689,1237,4730.140613081684,15866498.6397906,49,743,171,99,81,143
2025-09-23,146535997.73046508,1758980.0173970931,38.01193196639821,1243,4950.0,15866498.6397906,51,746,174,98,81,144
2025-09-24,146894891.4226269,1644815.8850841809,38.10503020042202,1247,4950.0,15866498.6397906,51,750,169,100,83,145
2025-09-25,148281064.97546464,1617655.9674326845,38.46460829454335,1249,4950.0,15866498.6397906,51,750,169,100,83,147
2025-09-26,148808955.2572721,1535035.801777285,38.60154481381896,1252,4975.0,15866498.6397906,53,751,169,100,84,148
2025-09-27,148940288.1183429,1549469.0099786755,38.63561300086717,1253,4950.0,15866498.6397906,53,753,169,100,83,148
2025-09-28,147384626.39898777,1392572.48560842,38.23206910479579,1252,4975.0,15866498.6397906,56,751,172,99,84,146
2025-09-29,147162222.43973407,1315852.4835671063,38.174376767765,1252,4950.0,15866498.6397906,57,751,173,99,84,145
2025-09-30,147327531.93111044,1353263.7850753411,38.217258607291946,1253,4950.0,15866498.6397906,57,753,172,96,87,145
2025-10-01,148520465.66882515,1368057.654187309,38.52670964171859,1257,4950.0,15866498.6397906,58,754,172,97,88,146
2025-10-02,147574872.7614586,1426256.5425365758,38.28141965277785,1254,4950.0,15866498.6397906,63,753,171,97,88,145
2025-10-03,147254067.3757605,1412798.2260825853,38.19820165389377,1254,4862.307176307828,15866498.6397906,64,754,170,95,90,145
2025-10-04,147151225.21558607,1372436.8037304587,38.17152405073568,1254,4862.307176307828,15866498.6397906,66,754,171,95,89,145
2025-10-05,147803229.14580172,1294871.5738359566,38.34065606894986,1255,4745.389954641018,15866498.6397906,65,752,173,96,89,145
2025-10-06,147342964.9663308,1218695.7646812669,38.22126198867206,1257,4745.389954641018,15866498.6397906,65,754,173,97,89,144
2025-10-07,147591060.56130388,1212188.9949596787,38.28561882264693,1259,4526.993933583544,15866498.6397906,66,758,171,96,89,145
2025-10-08,147329926.9883757,1314828.2538165203,38.21787989322327,1258,4474.64193507297,15866498.6397906,67,758,172,95,88,145
2025-10-09,147348573.32827613,1279000.3513467696,38.22271681667345,1257,4173.25757117074,15866498.6397906,69,760,169,95,88,145
2025-10-10,147412370.3403118,1287508.4872945035,38.23926597673458,1257,4173.25757117074,15866498.6397906,69,761,169,94,87,146
2025-10-11,147340802.54812065,1122474.6487881436,38.22070105009615,1257,4169.528060601368,15866498.6397906,69,762,168,95,86,146
2025-10-12,147507281.23441777,1015459.2999642924,38.26388618272835,1257,4173.25757117074,15866498.6397906,69,760,168,95,88,146
2025-10-13,147314363.61635724,1036721.8876628416,38.21384270203819,1257,4000.0,15866498.6397906,69,761,168,95,88,145
2025-10-14,147762417.3235273,1172852.366512112,38.33006934462446,1258,4107.222257510791,15866498.6397906,70,761,168,94,90,145
2025-10-15,147488652.72444,1306116.7368183506,38.25905388442023,1263,4173.25757117074,15866498.6397906,70,764,170,94,89,146
2025-10-16,147084495.42283455,1330035.0833802489,38.15421411746681,1262,4171.392815886054,15866498.6397906,72,763,172,93,89,145
2025-10-17,145169417.69138035,1505520.0936054136,37.65743649581851,1259,4426.007356896065,15866498.6397906,85,757,179,87,92,144
2025-10-18,145344023.28072655,1244120.1307990614,37.70272977450754,1257,4426.007356896065,15866498.6397906,92,755,176,92,88,146
2025-10-19,144271433.29908833,1325173.51085345,37.424496316235626,1255,4173.25757117074,15866498.6397906,97,754,173,92,89,147
2025-10-20,144383239.57860407,1340415.012773074,37.45349924218005,1251,4305.56918189799,15866498.6397906,102,751,171,93,89,147
2025-10-21,144034791.04016277,1292081.377200705,37.363110516254935,1248,4109.087012795476,15866498.6397906,106,751,171,91,88,147
2025-10-22,143546391.75941077,1243542.3918117755,37.2364180958264,1246,4109.087012795476,15866498.6397906,109,751,170,90,89,146
2025-10-23,143238992.80587938,1224886.7611305565,37.15667777065613,1246,4109.087012795476,15866498.6397906,110,754,170,88,89,145
2025-10-24,143028920.8297828,1133192.39452862,37.10218439164275,1246,4109.087012795476,15866498.6397906,110,754,171,87,89,145
2025-10-25,126696589.67609055,1013663.9389532912,32.86552261377187,1243,3905.427253794474,4573863.530092592,113,754,172,85,88,144
2025-10-26,125536472.21093564,843251.0804058526,32.56458423111171,1243,3728.17393792596,4573863.530092592,114,755,173,85,88,142
2025-10-27,125924263.5780559,850205.3688852317,32.66517861946976,1245,3905.427253794474,4573863.530092592,114,755,173,85,89,143
2025-10-28,126418625.27086206,866063.6612606109,32.79341770969184,1248,3975.1718541073433,4573863.530092592,115,757,172,86,88,145
2025-10-29,126271507.75763762,760497.9352020792,32.75525493064529,1247,3905.427253794474,4573863.530092592,117,757,170,87,88,145
2025-10-30,127539550.01551664,490492.87684517406,33.08418936848681,1249,4173.25757117074,4573863.530092592,116,755,173,85,88,148
2025-10-31,128438078.72336829,402428.6101599937,33.31727074536142,1254,4474.64193507297,4573863.530092592,114,756,173,86,89,150
2025-11-01,128763420.39864206,410473.3191809952,33.4016654730589,1252,4474.64193507297,4573863.530092592,116,754,170,88,89,151
2025-11-02,129697135.39179584,423933.24462703953,33.64387429099762,1252,4589.327656356922,4573863.530092592,116,752,168,88,89,155
2025-11-03,129549342.81072354,424658.8592532674,33.60553639707485,1252,4474.64193507297,4573863.530092592,116,753,168,88,88,155
2025-11-04,130049141.03654689,425375.1344336204,33.73518574229491,1254,4525.13522341671,4573863.530092592,115,754,169,87,88,156
2025-11-05,130806791.9678949,413153.252430596,33.931722948870274,1254,4525.13522341671,4573863.530092592,117,754,168,87,86,159
2025-11-06,130833058.0798778,409860.7210468332,33.93853646689438,1253,4526.993933583544,4573863.530092592,118,753,169,86,86,159
2025-11-07,131776629.69656137,446650.2975250099,34.18330212621566,1253,4727.658390691497,4573863.530092592,119,750,171,86,87,159
2025-11-08,131943842.8421336,443498.8806299784,34.22667778006059,1254,4736.524172666257,4573863.530092592,119,751,171,86,87,159
2025-11-09,131880676.8083886,451278.5315503208,34.21029229789588,1253,4727.658390691497,4573863.530092592,120,750,171,86,87,159
2025-11-10,132042784.02634355,465102.2207430315,34.25234345689846,1252,4689.659884910898,4573863.530092592,121,749,171,86,86,160
2025-11-11,130448806.9254832,470766.2634088223,33.83886042165582,1253,4727.658390691497,4573863.530092592,121,750,171,86,88,158
2025-11-12,130415910.73425594,465393.0899325144,33.83032703871749,1253,4727.658390691497,4573863.530092592,121,750,171,86,89,157
2025-11-13,130748741.14337523,458920.2364887785,33.916664369228336,1257,4775.614352615655,4573863.530092592,121,751,173,87,89,157
2025-11-14,130933524.4228616,460591.4055385214,33.96459777506138,1258,4862.307176307828,4573863.530092592,121,751,174,86,89,158
2025-11-15,131138213.8065254,474882.945364742,34.01769489144628,1258,4862.307176307828,4573863.530092592,121,751,174,85,89,159
2025-11-16,132835098.37755875,506092.4263616124,34.45787247148087,1259,4949.0,4573863.530092592,122,752,173,84,89,161
2025-11-17,132582598.37755875,505029.6562618455,34.3923731199893,1259,4949.0,4573863.530092592,122,753,173,84,89,160
2025-11-18,132813178.37755875,507080.71504551935,34.45218634956129,1258,4949.5,4573863.530092592,123,752,173,83,89,161
2025-11-19,132975302.30050176,503977.7254719247,34.4942418418941,1257,4949.0,4573863.530092592,124,751,172,84,88,162
2025-11-20,132967308.45038076,491662.57907229697,34.49216821021551,1256,4862.307176307828,4573863.530092592,125,751,171,84,88,162
2025-11-21,132699846.43062817,486806.7326338308,34.422787660344525,1255,4949.0,4573863.530092592,127,750,172,84,88,161
2025-11-22,132755192.87585464,474148.4468754024,34.43714471487798,1255,4949.0,4573863.530092592,128,751,171,84,88,161
2025-11-23,132677756.32178038,470732.7187642975,34.417057411616184,1255,4949.0,4573863.530092592,128,751,171,84,88,161
2025-11-24,132720756.32178038,468411.3652864595,34.428211756622666,1255,4949.0,4573863.530092592,128,751,171,84,87,162
2025-11-25,132922509.68376514,449966.6213312881,34.480547259083046,1253,4775.614352615655,4573863.530092592,130,750,169,85,85,164
2025-11-26,132440056.72574036,445994.5398250653,34.355397334822406,1252,4760.502153628337,4573863.530092592,132,750,169,86,84,163
2025-11-27,132496635.46912172,444819.0295632901,34.37007405165285,1253,4949.0,4573863.530092592,131,750,170,86,84,163
2025-11-28,132177635.46593444,426325.7454318249,34.28732437508026,1251,4775.614352615655,4573863.530092592,133,749,170,87,83,162
2025-11-29,131723397.23767868,333903.00518984697,34.16949344686866,1249,4745.389954641018,4573863.530092592,135,749,169,88,83,160
2025-11-30,132482465.54546496,300231.7634191327,34.366398325671845,1250,4760.502153628337,4573863.530092592,135,748,169,88,84,161
2025-12-01,132541687.53390698,285855.30833812786,34.38176070918469,1250,4760.502153628337,4573863.530092592,135,748,169,88,84,161
2025-12-02,132693816.2491878,267056.9207067904,34.42122341094366,1251,4775.614352615655,4573863.530092592,135,748,170,88,85,160
2025-12-03,132976032.65307106,273370.79816785693,34.494431297813506,1251,4775.614352615655,4573863.530092592,135,748,169,89,85,160
2025-12-04,133160441.306252,267736.37810358946,34.542267524319584,1251,4775.614352615655,4573863.530092592,135,748,169,89,84,161
2025-12-05,133185461.8716327,269500.7820972488,34.54875794335479,1251,4775.614352615655,4573863.530092592,135,748,169,89,84,161
2025-12-06,133445710.23968825,264086.39165013825,34.616267247649354,1252,4862.307176307828,4573863.530092592,135,748,169,89,85,161
2025-12-07,133445710.23968825,259146.2314570649,34.616267247649354,1252,4862.307176307828,4573863.530092592,135,748,169,89,85,161
2025-12-08,133944352.80180134,261200.8640682088,34.7456168098058,1253,4775.614352615655,4573863.530092592,135,748,169,86,89,161
2025-12-09,133959684.7407899,260957.48466560093,34.749593966482465,1254,4862.307176307828,4573863.530092592,135,749,169,86,89,161
2025-12-10,134196318.8704035,266288.43946091906,34.81097765769221,1254,4949.5,4573863.530092592,136,748,170,85,89,162
2025-12-11,134872959.31071118,269060.7639881239,34.98650046970459,1256,4950.0,4573863.530092592,136,748,170,86,88,164
2025-12-12,135156883.3244943,274340.0902032253,35.060151316340935,1257,4950.0,4573863.530092592,136,748,170,86,89,164
2025-12-13,130756563.32449429,227583.10603191552,33.91869346938891,1255,4950.0,4573863.530092592,138,747,170,86,89,163
2025-12-14,134947536.12844157,241840.82897114145,35.005845947715066,1256,4975.0,4573863.530092592,138,746,170,86,90,164
2025-12-15,134947536.12844157,242183.59571290767,35.005845947715066,1256,4975.0,4573863.530092592,138,746,170,86,90,164
2025-12-16,134722535.7384416,237337.9967596978,34.94748008779289,1256,4975.0,4573863.530092592,138,746,171,86,90,163
2025-12-17,135967733.85695982,212774.54703541784,35.2704886788482,1256,4975.0,4573863.530092592,138,745,170,86,90,165
2025-12-18,136021083.85695982,211062.555610006,35.284327848757414,1255,5000.0,4573863.530092592,140,744,170,86,90,165
2025-12-19,136021083.85695982,173220.12987016118,35.284327848757414,1255,5000.0,4573863.530092592,140,744,170,86,90,165
2025-12-20,136062873.85695982,207392.47484773243,35.29516831568348,1255,5000.0,4573863.530092592,140,744,169,87,90,165
2025-12-21,136306150.13737118,210467.6003041121,35.35827500320913,1255,5000.0,4573863.530092592,140,744,169,87,90,165
2025-12-22,137528214.08300513,210228.3786115633,35.675282511804184,1256,5000.0,4573863.530092592,140,744,169,87,90,166
2025-12-23,137398214.08341438,210592.99068993088,35.64156007351865,1255,5000.0,4573863.530092592,141,744,169,87,89,166
2025-12-24,137437462.50702548,210517.0844458861,35.651741246958615,1256,4975.0,4573863.530092592,140,745,169,86,90,166
2025-12-25,137457625.0907239,215200.9086895355,35.65697148916314,1256,4975.0,4573863.530092592,140,744,170,86,90,166
2025-12-26,137518653.26733074,218174.71859515287,35.672802403976846,1257,5000.0,4573863.530092592,140,745,169,87,90,166
2025-12-27,137556153.26733074,217019.5918868024,35.68253003043599,1257,5000.0,4573863.530092592,140,745,168,88,90,166
2025-12-28,137512459.23819873,218453.6678703949,35.67119565193222,1256,4975.0,4573863.530092592,141,745,168,88,89,166
2025-12-29,137558670.2467253,218436.29041828745,35.6831829433788,1256,4975.0,4573863.530092592,141,745,168,87,90,166
2025-12-30,137411407.54586732,218684.758652946,35.644982502170514,1255,4950.0,4573863.530092592,142,745,168,87,89,166
2025-12-31,137411407.54586732,219053.0212251689,35.644982502170514,1255,4950.0,4573863.530092592,142,745,168,87,89,166
2026-01-01,137759501.19549373,218563.71421672247,35.73527916874027,1255,4950.0,4573863.530092592,143,745,168,86,89,167
2026-01-02,137814232.65193933,217516.3378215354,35.74947669311007,1256,4975.0,4573863.530092592,143,746,168,86,89,167
2026-01-03,137814232.65193933,217954.5870813685,35.74947669311007,1256,4975.0,4573863.530092592,143,746,168,86,89,167
2026-01-04,138237817.57642028,224199.62205814148,35.85935605095209,1255,4950.0,4573863.530092592,144,746,167,86,89,167
2026-01-05,138699832.91777784,224718.6952967253,35.97920438852862,1256,4975.0,4573863.530092592,144,746,168,87,88,167
2026-01-06,138708810.360851,225822.10453177625,35.98153316753592,1256,4975.0,4573863.530092592,144,745,169,87,88,167
2026-01-07,139284774.65414634,229106.74013311224,36.13094024750878,1255,5000.0,4573863.530092592,145,745,169,87,87,167
2026-01-08,139279774.65414634,228748.92349873032,36.12964323064756,1254,4975.0,4573863.530092592,146,744,169,87,87,167
2026-01-09,139179682.18070084,231358.385688979,36.10367890549957,1253,4950.0,4573863.530092592,147,744,169,86,87,167
2026-01-10,139152455.83319595,231789.0287304712,36.09661629914292,1251,4950.0,4573863.530092592,149,743,168,86,87,167
2026-01-11,139202455.83319598,221137.02133661511,36.10958646775512,1251,4950.0,4573863.530092592,149,743,168,86,86,168
2026-01-12,139282320.04421127,232452.4423913855,36.13030351341408,1251,4950.0,4573863.530092592,149,743,168,86,86,168
2026-01-13,139281797.04421127,229938.92592231795,36.1301678454504,1251,4950.0,4573863.530092592,149,743,168,86,86,168
2026-01-14,139358160.64096814,229906.1255174372,36.149976819965794,1251,4950.0,4573863.530092592,149,742,169,86,86,168
2026-01-15,139358160.64096814,227224.8745067049,36.149976819965794,1251,4950.0,4573863.530092592,149,742,169,86,86,168
2026-01-16,139358160.64096814,227704.2665793099,36.149976819965794,1251,4950.0,4573863.530092592,149,742,169,86,86,168
2026-01-17,139382478.73220846,213713.760815308,36.15628501484007,1251,5000.0,4573863.530092592,150,742,169,85,87,168
2026-01-18,139456972.06337285,224058.544165618,36.17560883615379,1251,5000.0,4573863.530092592,150,742,169,85,87,168
2026-01-19,139456972.06337285,220222.0828641546,36.17560883615379,1251,5000.0,4573863.530092592,150,742,169,85,87,168
2026-01-20,139422386.9186577,195751.81968153376,36.16663733298513,1251,4950.0,4573863.530092592,150,743,168,85,87,168
2026-01-21,139414274.22645047,208519.14167501745,36.164532873268605,1250,4975.0,4573863.530092592,152,742,168,85,87,168
2026-01-22,139497390.37072602,224342.493142009,36.18609348138159,1248,4975.0,4573863.530092592,154,740,168,85,87,168
2026-01-23,139252825.42509213,226287.233844029,36.122652509751525,1248,4975.0,4573863.530092592,154,740,168,85,87,168
2026-01-24,138895331.17248505,182686.25118454616,36.02991729506746,1248,4975.0,4573863.530092592,155,740,168,86,87,167
2026-01-25,139565688.54525274,222661.70384821075,36.20381025817191,1248,4975.0,4750000.047637145,155,739,169,86,87,167
2026-01-26,140012121.21753755,225807.348736008,36.31961639884243,1250,5000.0,4750000.047637145,155,739,170,86,87,168
2026-01-27,140012121.21753755,231589.84934229235,36.31961639884243,1250,5000.0,4750000.047637145,155,739,170,86,87,168
2026-01-28,141321051.0867216,228342.3147143921,36.659157220939456,1251,5000.0,4750000.047637145,154,739,170,86,86,170
2026-01-29,141476586.32027507,226076.7554080732,36.69950358502596,1253,5000.0,4750000.047637145,154,740,170,86,87,170
2026-01-30,141673284.75777504,233510.15813630755,36.75052782302855,1251,5000.0,4750000.047637145,156,738,170,86,87,170
2026-01-31,142645506.59175748,436926.039600685,37.00272544533268,1251,5000.0,4750000.047637145,156,738,170,84,89,170
2026-02-01,142842106.59175748,320906.2198269105,37.05372414831582,1251,5000.0,4750000.047637145,156,738,170,84,89,170
2026-02-02,142574309.4235644,227364.6769808524,36.98425665980918,1248,5000.0,4750000.047637145,159,737,170,84,89,168
2026-02-03,142804008.22972843,239028.205055084,37.04384130472852,1248,5000.0,4750000.047637145,160,736,171,85,88,168
2026-02-04,143207039.7348071,523414.56987873325,37.14838903626643,1249,5073.30025638878,4750000.047637145,160,735,173,85,89,167
2026-02-05,141395382.4896543,388991.422813463,36.678439037523816,1249,5073.30025638878,4750000.047637145,160,734,174,85,89,167
2026-02-06,140120382.4896543,281122.12218516856,36.34769973791292,1248,5067.577931698253,4750000.047637145,161,734,173,85,89,167
2026-02-07,140115236.0254224,354553.19784816983,36.34636472773603,1247,5073.30025638878,4750000.047637145,163,733,173,85,89,167
2026-02-08,140138239.19152215,230659.133414894,36.35233182659459,1247,5133.627354917084,4750000.047637145,163,732,174,85,89,167
2026-02-09,140259841.81285787,194644.1928773753,36.38387595664277,1248,5170.313677458542,4750000.047637145,163,733,173,85,90,167
2026-02-10,140150619.69029248,200694.28589030192,36.35554336972567,1247,5133.627354917084,4750000.047637145,164,732,173,85,91,166
2026-02-11,140698197.81246206,214522.5422046609,36.49758698118342,1247,5133.627354917084,4750000.047637145,164,732,174,85,90,166
2026-02-12,140700234.14353648,226081.35722885872,36.49811521233112,1247,5133.627354917084,4750000.047637145,164,732,174,85,90,166
2026-02-13,140907160.8432801,200119.16797284328,36.55179269605191,1245,5133.627354917084,4750000.047637145,166,731,173,85,90,166
2026-02-14,141217988.48580998,211893.3551833033,36.63242243471076,1244,5097.741480962406,4750000.047637145,167,731,173,84,90,166
2026-02-15,141987013.34823173,230860.94461329043,36.83191007736232,1245,5133.627354917084,4750000.047637145,167,730,174,85,89,167
2026-02-16,142098934.87681213,244081.91944855143,36.86094289930276,1244,5170.313677458542,4750000.047637145,168,729,173,85,90,167
2026-02-17,142120001.43947855,232322.1451531012,36.86640763670001,1246,5170.313677458542,4750000.047637145,168,731,173,85,90,167
2026-02-18,144282959.2031066,254484.84061284745,37.42748617460612,1247,5207.0,4750000.047637145,169,729,174,85,91,168
2026-02-19,143571683.43002808,250508.1803992159,37.24297884047421,1248,5170.313677458542,4750000.047637145,169,730,173,85,89,171
2026-02-20,144125855.6779939,279984.6522742981,37.38673299040049,1248,5170.313677458542,4750000.047637145,171,731,173,86,88,170
2026-02-21,145568783.28892234,317398.1750831663,37.76103327857908,1248,5207.0,4750000.047637145,172,731,173,84,88,172
2026-02-22,144902019.7257896,382832.5851357334,37.58807256181313,1248,5207.0,4750000.047637145,173,729,174,84,88,173
2026-02-23,145422605.0207467,370526.6180105112,37.72311414286556,1249,5207.0,4750000.047637145,173,729,175,82,89,174
2026-02-24,145288043.26812154,360972.502140946,37.68820837045954,1248,5207.0,4750000.047637145,174,729,174,82,90,173
2026-02-25,145043167.7290692,356286.93807304016,37.62468682984934,1248,5207.0,4750000.047637145,175,730,174,82,90,172
2026-02-26,144843167.7290692,493805.1211486519,37.57280615540057,1248,5207.0,4750000.047637145,175,730,174,82,90,172
2026-02-27,145258489.37501708,389879.5958221208,37.680541990925306,1248,5207.0,4750000.047637145,175,729,174,82,91,172
2026-02-28,145410589.1424173,371889.0358376237,37.71999718350644,1248,5207.0,4750000.047637145,177,728,175,83,90,172
2026-03-01,145706976.65292406,395163.1489617962,37.79688110322285,1249,5207.0,4750000.047637145,178,729,176,83,90,171
2026-03-02,146304878.31878746,408525.648680767,37.95197881161801,1250,5207.0,4750000.047637145,178,730,175,84,90,171
2026-03-03,147719438.15089947,448431.89839468553,38.31892040230856,1252,5207.0,4750000.047637145,179,729,177,84,91,171
2026-03-04,147719438.15089947,421796.60650169686,38.31892040230856,1252,5207.0,4750000.047637145,179,729,177,84,91,171
2026-03-05,147719438.15089947,454271.2477847906,38.31892040230856,1252,5207.0,4750000.047637145,179,729,177,84,91,171
2026-03-06,147509610.3685402,469194.1433719416,38.26449036797411,1252,5207.0,4573863.530092592,181,729,178,84,91,170
2026-03-07,145961744.0351481,425606.93019720766,37.8629686213095,1251,5207.0,4573863.530092592,182,728,179,84,91,169
2026-03-08,146482571.47011268,424286.76826318144,37.998073014296416,1251,5207.0,4999999.998992153,183,729,179,84,90,169
2026-03-09,147509590.03023246,480795.7079363402,38.2644850921485,1250,5207.0,6249999.998992153,184,729,178,85,90,168
2026-03-10,146790536.6889623,428217.3536290409,38.07796023059982,1249,5207.0,6749999.998992153,185,729,179,84,90,167
2026-03-11,145805672.50352246,457041.00297281647,37.82248313969454,1248,5207.0,6770224.3362441445,186,728,179,84,90,167
2026-03-12,145382671.50518912,418466.5740071063,37.712755254264366,1247,5207.0,6770224.3362441445,187,728,179,84,90,166
2026-03-13,143612447.16518915,384963.2174975911,37.25355309084025,1247,5207.0,4999999.996244145,187,728,179,84,90,166
2026-03-14,138842165.20518917,351008.2662768908,36.0161258638623,1248,5207.0,4573863.530092592,187,728,180,84,90,166
2026-03-15,138842165.20518917,351794.1129319521,36.0161258638623,1248,5207.0,4573863.530092592,187,728,180,84,90,166
2026-03-16,138092190.20518917,328939.7398344667,35.82157981976373,1248,5207.0,4573863.530092592,187,728,180,84,90,166
2026-03-17,138142690.20518917,288842.55095003004,35.834679690062046,1248,5207.0,4573863.530092592,187,728,179,85,90,166
2026-03-18,138186525.6665668,321045.9913506213,35.84605075656726,1249,5207.0,4573863.530092592,187,729,179,85,90,166
2026-03-19,138329737.0275155,277395.3882560174,35.88320026654099,1250,5207.0,4573863.530092592,187,729,179,85,91,166
2026-03-20,138329737.0275155,281830.23962511955,35.88320026654099,1250,5207.0,4573863.530092592,187,729,179,85,91,166
2026-03-21,138329737.0275155,281191.1562400524,35.88320026654099,1250,5207.0,4573863.530092592,187,729,179,85,91,166
2026-03-22,138316373.55960485,276087.78060738486,35.8797337379001,1251,5207.0,4573863.530092592,187,729,180,85,92,165
2026-03-23,138216373.55960485,278228.177811749,35.85379340067571,1251,5207.0,4573863.530092592,187,729,180,85,92,165
2026-03-24,138215083.7527892,282325.04082763486,35.853458820438185,1251,5207.0,4573863.530092592,187,729,180,85,92,165
2026-03-25,138251621.67226395,280771.07090555073,35.86293687996471,1251,5207.0,4573863.530092592,187,729,180,85,92,165
2026-03-26,136276489.51987457,270526.5476405886,35.35058093900767,1251,5207.0,4573863.530092592,187,729,180,85,92,165
2026-03-27,136276489.51987457,262322.7029714922,35.35058093900767,1251,5207.0,4573863.530092592,187,729,180,85,92,165
2026-03-28,136433023.3078745,265569.60852924385,35.39118633148495,1251,5207.0,4573863.530092592,187,729,180,85,92,165
2026-03-29,136758023.30787453,249149.86960298504,35.47549242746421,1251,5207.0,4573863.530092592,187,729,180,85,92,165
2026-03-30,136758023.30787453,241144.0549185421,35.47549242746421,1251,5207.0,4573863.530092592,187,729,180,85,92,165
2026-03-31,136664629.62593007,247461.3781562641,35.45126579142155,1249,5207.0,4573863.530092592,189,729,179,85,91,165
2026-04-01,136731501.10839728,248560.09391992216,35.46861247948049,1249,5207.0,4573863.530092592,190,729,179,85,91,165
2026-04-02,146792398.2467065,387684.5954654817,38.07844312495629,1250,5391.027641034352,9524022.226594774,189,727,181,85,91,166
2026-04-03,147123533.1165899,371616.38982853206,38.16434062687157,1255,5540.710397389772,9524022.226594774,190,728,183,85,93,166
2026-04-04,147123533.1165899,363876.2207512683,38.16434062687157,1255,5540.710397389772,9524022.226594774,190,728,183,85,93,166
2026-04-05,147123533.1165899,363065.5700837959,38.16434062687157,1255,5540.710397389772,9524022.226594774,190,728,183,85,93,166
2026-04-06,147123533.1165899,370526.2044481382,38.16434062687157,1255,5540.710397389772,9524022.226594774,190,728,183,85,93,166
2026-04-07,140159390.13573325,344698.19294251286,36.35781845284909,1256,5639.31368055871,4573863.530092592,191,727,183,86,92,168
2026-04-08,140159390.13573325,266164.0834616588,36.35781845284909,1256,5639.31368055871,4573863.530092592,191,727,183,86,92,168
2026-04-09,140159390.13573325,258299.7400811428,36.35781845284909,1256,5639.31368055871,4573863.530092592,191,727,183,86,92,168
2026-04-10,137464547.26955834,234396.2981312147,35.658767125696066,1253,5241.344884678932,4573863.530092592,194,727,182,86,90,168
2026-04-11,137464547.26955834,226317.5066881828,35.658767125696066,1253,5241.344884678932,4573863.530092592,194,727,182,86,90,168
2026-04-12,137464547.26955834,224053.4655946532,35.658767125696066,1253,5241.344884678932,4573863.530092592,194,727,182,86,90,168
2026-04-13,137352172.73153415,195713.11092516303,35.62961679157825,1253,5241.344884678932,4573863.530092592,194,727,182,86,90,168
2026-04-14,136631310.72776917,195457.9215616102,35.44262275687916,1253,5241.344884678932,4573863.530092592,194,727,182,86,90,168
2026-04-15,136554127.40960106,187895.74823306288,35.422601143865386,1253,5241.344884678932,4573863.530092592,195,727,182,86,90,168
2026-04-16,136466278.85729986,188693.28843877712,35.399812933151715,1253,5241.344884678932,4573863.530092592,195,727,182,86,90,168
2026-04-17,136401326.13759482,183215.6252812788,35.38296397862381,1253,5241.344884678932,4573863.530092592,195,727,182,86,90,168
2026-04-18,182872681.1095024,157325.36755850492,47.43779017107715,1254,5840.911872364414,8864259.949826088,203,722,170,89,87,186
2026-04-19,187984308.10109904,147601.51903482096,48.76376345034995,1260,6066.148337507643,8864259.949826088,201,724,169,88,82,197
2026-04-20,189647833.7427196,147162.92602767557,49.19528761160042,1260,6272.825199884779,8864259.949826088,203,722,168,88,84,198
2026-04-21,191811042.0523643,152660.4902590562,49.75643114198815,1262,6512.5,8864259.949826088,202,721,167,89,87,198
2026-04-22,194943945.46258003,152235.625890638,50.569116851512334,1266,6680.6045214627775,8864259.949826088,202,721,168,86,90,201
2026-04-23,196857767.6600912,145739.71113179528,51.06556878342183,1266,6680.6045214627775,8864259.949826088,202,720,169,86,88,203
2026-04-24,197239771.6785318,143160.57107971195,51.16466191401603,1266,6731.368571734916,8864259.949826088,203,720,169,85,88,204
2026-04-25,198466011.98820183,153011.34126254398,51.48275278552576,1269,6935.995904861356,8864259.949826088,202,721,169,84,90,205
2026-04-26,201569748.2950671,178870.9789395596,52.28787245008226,1271,7205.344358248634,8864259.949826088,202,722,168,85,89,207
2026-04-27,202201228.1751032,183166.00455469897,52.45168046046776,1271,7205.344358248634,8864259.949826088,202,722,168,84,89,208
2026-04-28,205452438.910254,191333.7473083413,53.295055489041246,1272,7238.601974964504,8864259.949826088,201,721,167,87,89,208
2026-04-29,207407702.1837608,208266.3700708015,53.80225737581343,1272,7238.601974964504,8864259.949826088,201,720,167,88,89,208
2026-04-30,211004942.403756,237441.7516375225,54.73539361965136,1271,7205.344358248634,9000000.0,202,720,166,86,91,208
2026-05-01,212420610.93327707,246237.9721938548,55.102622810188606,1271,7205.344358248634,10000000.0,203,720,167,86,91,207
2026-05-02,215119567.5407736,226165.9573339923,55.80274125571299,1271,7205.344358248634,12250000.0,203,719,167,84,93,208
2026-05-03,215870511.47228548,241464.11931243964,55.99753864391322,1270,7070.670131554994,13250000.000889856,204,719,167,84,93,207
2026-05-04,216277190.3887033,247494.6400494088,56.10303252625249,1269,6935.995904861356,14000000.000889856,205,719,167,84,92,207
2026-05-05,217118270.20257893,257599.97168184977,56.32121146629804,1271,7205.344358248634,14100000.000889856,205,719,166,84,93,209
2026-05-06,218251168.5977,273281.018247924,56.61508913040206,1271,7205.344358248634,15000000.000889856,205,719,166,84,91,211
2026-05-07,219179984.87347585,262018.71291699668,56.85602720453329,1269,7205.344358248634,15500000.000889856,207,719,165,84,92,209
2026-05-08,220208663.18535125,270048.48992409185,57.12286982758788,1269,7205.344358248634,16500000.000889856,207,719,165,84,92,209
2026-05-09,221290458.58433136,285305.3624436068,57.40349120216119,1268,7238.601974964504,17000000.000889856,208,718,164,84,93,209
2026-05-10,221764459.41148552,283621.2200751312,57.52644861517135,1269,7271.859591680373,17000000.000889856,208,718,164,83,94,210
2026-05-11,223170694.30146337,294281.80433368165,57.89123068779853,1268,7238.601974964504,17000000.000889856,209,718,164,83,93,210
2026-05-12,222747337.0871352,285105.4541046786,57.78141039873804,1267,7205.344358248634,16000000.000889856,210,718,164,82,92,211
2026-05-13,222726755.39041463,285103.6105050542,57.77607143720225,1267,7271.859591680373,16000000.000889856,211,718,165,81,93,210
2026-05-14,222898000.83708435,284110.24982696446,57.82049308354976,1270,7338.915631688643,16000000.000889856,210,719,166,81,94,210
2026-05-15,221933679.6880416,258284.1970841459,57.57034492556201,1270,7338.915631688643,15000000.000889856,210,719,166,81,94,210
2026-05-16,221934039.3407533,251943.9601404099,57.57043822068827,1270,7338.915631688643,15000000.000889856,210,719,166,81,94,210
2026-05-17,221947752.91662848,252767.4178866315,57.57399556851583,1271,7405.971671696912,15000000.000889856,210,720,166,81,94,210
2026-05-18,221947752.91662848,231227.3884660727,57.57399556851583,1271,7405.971671696912,15000000.000889856,210,720,166,81,94,210
2026-05-19,222361624.8383603,240744.2603637476,57.68135534069009,1273,7500.0,15000000.000889856,208,720,165,82,95,211
2026-05-20,222621947.83836028,229207.10505541897,57.74888400476272,1273,7500.0,15000000.000889856,208,720,165,82,96,210
2026-05-21,222646947.83836028,228827.62711035315,57.75536908906882,1274,7530.710631207721,15000000.000889856,208,720,166,82,96,210
2026-05-22,222671947.83836028,227552.9169349771,57.761854173374914,1275,7561.421262415443,15000000.000889856,207,720,167,82,96,210
2026-05-23,222389799.8919412,220185.916975012,57.68866404460211,1274,7530.710631207721,15000000.000889856,208,720,167,82,96,209
2026-05-24,222422507.10569152,224873.60313399625,57.69714840614566,1274,7561.662803214613,15000000.000889856,208,719,168,82,96,209
2026-05-25,222662831.81814948,239582.98040801063,57.759489446990784,1279,8244.689377067001,15000000.000889856,206,717,173,84,96,209
2026-05-26,222537185.2870966,232106.28425444177,57.72689631312493,1278,8226.69647863084,15000000.000889856,207,717,173,84,95,209
2026-05-27,222544711.22234863,228382.0589977108,57.7288485661086,1278,8226.69647863084,15000000.000889856,207,717,173,84,95,209
2026-05-28,225574711.5475607,303382.1968016608,58.51484086836854,1278,8350.029827154303,18000000.000889856,207,716,174,84,95,209
2026-05-29,225871025.7274931,292516.5305786472,58.59170576588667,1276,8226.69647863084,18000000.000889856,209,716,174,83,95,208
2026-05-30,224100307.74941272,290357.80473860406,58.13237555107982,1275,8244.689377067001,16000000.000889856,210,715,173,83,95,209
2026-05-31,222402420.7102937,289374.4616587845,57.69193792744325,1275,8455.370277241607,16000000.000889856,211,715,173,84,95,208
2026-06-01,222870182.08127967,306225.8588814992,57.81327680448243,1275,8455.370277241607,16000000.000889856,211,715,173,83,95,209
2026-06-02,222895532.91743407,253860.180350324,57.81985289687006,1276,8503.155371003071,16000000.000889856,211,715,174,83,95,209
2026-06-03,220476384.721393,251193.15464077747,57.1923176968594,1276,8503.155371003071,15000000.000889856,211,715,174,83,95,209
2026-06-04,219659624.6691304,248375.7274021257,56.98044738498842,1277,8656.578293932342,14000000.000889856,211,715,175,83,95,209
2026-06-05,217706441.5953153,247919.7415599132,56.47378510903122,1277,8656.578293932342,12000000.000889856,211,715,175,82,96,209
2026-06-06,218122840.5953153,212674.1320372444,56.58180041383017,1277,8656.578293932342,12000000.000889856,211,715,175,82,96,209
2026-06-07,218318511.89315468,200582.3159869548,56.63255820834103,1278,8797.895367497189,12000000.000889856,210,715,174,83,97,209
2026-06-08,218579061.84332976,169416.25925352803,56.70014574405441,1279,8939.212441062034,12000000.000889856,210,715,174,83,97,210
2026-06-09,218674245.50439125,165669.79513658187,56.72483670671628,1278,8797.895367497189,12000000.000889856,211,715,174,82,98,209
2026-06-10,218699303.77756992,172973.6533437556,56.731336907281424,1279,8939.212441062034,12000000.000889856,211,715,175,82,98,209
2026-06-11,217632002.1486592,169813.89863655576,56.45447526554064,1279,8939.212441062034,10000000.000889856,211,715,175,82,98,209
2026-06-12,217732140.2211401,175095.83252303652,56.48045141923221,1283,9522.83388251018,10000000.000889856,211,715,179,82,98,209
2026-06-13,218009152.1339841,178747.88392617495,56.552309243575664,1284,9568.189195954496,10000000.000889856,211,715,178,83,98,210
2026-06-14,218359605.14387625,162933.38657020612,56.64321793615466,1284,9568.189195954496,10000000.000889856,211,714,179,83,98,210
2026-06-15,218389124.8348664,164272.29970078645,56.650875443545104,1285,9522.83388251018,10000000.000889856,211,715,179,83,98,210
2026-06-16,219235365.3938605,173062.2050882595,56.87039309827768,1286,9756.772254699408,10000000.000889856,211,714,179,84,98,211
2026-06-17,216902876.2336789,178988.25346803182,56.26533754440438,1286,9756.772254699408,10000000.000889856,212,714,180,84,98,210
2026-06-18,217306812.911946,188181.18077735783,56.37012008091984,1286,9756.772254699408,10000000.000889856,212,714,181,84,98,209
2026-06-19,217306812.911946,183811.14076969863,56.37012008091984,1286,9756.772254699408,10000000.000889856,212,714,181,84,98,209
2026-06-20,216037312.911946,161958.85274382768,56.04080749985629,1286,9756.772254699408,10000000.000889856,212,715,181,84,98,208
2026-06-21,216186032.92634168,157824.4514775465,56.07938597311068,1286,9756.772254699408,10000000.000889856,212,715,181,84,98,208
2026-06-22,219768905.4833493,200512.75398489813,57.00879519671835,1287,9900.0,13000000.000889856,212,715,182,84,94,212
2026-06-23,223526406.4833493,258398.7611588166,57.98350362732796,1287,9900.0,18000000.000889856,212,714,182,85,95,211
2026-06-24,222928545.1262253,292312.82551131165,57.828416375155726,1291,10000.0,15000000.000889856,213,714,182,84,93,218
2026-06-25,225161446.74009943,313456.25646476203,58.40763858368339,1301,10509.769330994532,15000000.000889856,210,712,188,82,96,223
2026-06-26,224698423.9070736,284403.0421234221,58.28752889937058,1307,11075.821949827014,15000000.000889856,208,712,191,83,97,224
2026-06-27,225030618.9573073,235481.04090168467,58.37370141564392,1315,11250.0,15000000.000889856,207,712,196,84,100,223
2026-06-28,224376358.871104,213334.7982510569,58.20398414295822,1320,11250.0,14000000.000889856,206,711,201,84,101,223
2026-06-29,223314332.41533947,217385.33688971223,57.92849089892075,1326,11250.0,12000000.000889856,207,711,203,86,99,227
2026-06-30,223815126.5044604,216789.5696834853,58.058398574438485,1329,11250.0,12000000.000889856,207,711,205,86,98,229
2026-07-01,223463728.7009407,205463.72535408,57.967244799206405,1330,11250.0,12000000.000889856,208,710,207,85,98,230
2026-07-02,224089258.82144028,178928.55049115542,58.12950942190409,1329,11250.0,12000000.000889856,211,709,207,84,99,230
2026-07-03,220926985.07840464,193176.34648270623,57.3092049490025,1325,11250.0,10000000.000889856,213,708,205,84,99,229
2026-07-04,220818661.8254812,194488.2445894108,57.28110553190173,1325,11250.0,10000000.000889856,214,708,205,84,100,228
2026-07-05,220851145.4998057,184247.27664466787,57.28953190656437,1325,11250.0,10000000.000889856,214,709,203,85,100,228
2026-07-06,222330250.3730524,173257.51751071226,57.67321669858687,1329,11250.0,10000000.000889856,212,711,203,85,98,232
2026-07-07,222115085.5918093,171739.38417958695,57.61740222874431,1330,11250.0,10000000.000889856,212,711,205,85,98,231
2026-07-08,223428096.9206202,172180.39432993755,57.95800179523221,1331,11250.0,10000000.000889856,210,710,206,84,99,232
2026-07-09,223453684.9206202,187301.11323731308,57.9646394087212,1332,11250.0,10000000.000889856,210,710,207,84,99,232
2026-07-10,223670900.9204194,187814.2187938669,58.020985971574426,1332,11285.018856465704,10000000.000889856,210,709,208,84,99,232
2026-07-11,223731450.9204194,178618.24115682603,58.03669284576378,1331,11320.03771293141,10000000.000889856,210,708,208,83,100,232
2026-07-12,223822110.52692905,179066.64130596432,58.06021025341869,1332,11323.727324909449,10000000.000889856,210,708,208,83,101,232
2026-07-13,224336692.9090714,186493.3361822401,58.19369465864368,1328,11250.0,10000000.000889856,213,709,203,83,103,230
2026-07-14,224314192.9090714,187344.97077572733,58.187858082768194,1328,11250.0,10000000.000889856,213,710,202,83,103,230
2026-07-15,223096024.40397644,186113.39643852928,57.87186106458533,1328,11250.0,10000000.000889856,213,710,203,84,101,230
2026-07-16,223375220.41830844,186223.4537583353,57.94428545222009,1328,11250.0,10000000.000889856,213,710,203,84,101,230
2026-07-17,223232280.62653583,186104.2877127304,57.90720638820645,1326,11250.0,10000000.000889856,214,709,203,84,100,230
2026-07-18,223269208.68756524,182288.14543296263,57.916785651767896,1327,11250.0,10000000.000889856,213,708,205,84,100,230
2026-07-19,223288531.2336828,186957.25431665024,57.92179798539112,1326,11250.0,10000000.000889856,214,708,204,84,99,231
2026-07-20,223136881.2336828,189438.74942977203,57.88245946399034,1325,11250.0,10000000.000889856,214,707,204,84,100,230
2026-07-21,223345967.19983584,199050.3928878377,57.9366970686993,1325,11320.03771293141,10000000.000889856,214,706,204,84,100,231
2026-07-22,215817795.8194653,189367.1667638317,55.98386402580165,1324,11323.727324909449,8864259.949826088,217,706,202,83,103,230
2026-07-23,215754557.6105768,190841.3788432835,55.967459821161306,1320,11891.433566433569,8864259.949826088,219,702,202,84,102,230
2026-07-24,215842607.6105768,186729.75669606225,55.99030028808737,1320,11891.433566433569,8864259.949826088,219,702,201,85,102,230
2026-07-25,215486590.7814127,121902.91927095296,55.89794832202664,1318,11891.433566433569,8864259.949826088,220,701,203,84,101,229
2026-07-26,215594722.16388828,127185.7944461426,55.92599796728619,1317,12132.867132867132,8864259.949826088,220,700,203,84,100,230
2026-07-27,215995358.91515043,154685.076287085,56.02992449160842,1317,12275.37964184897,8864259.949826088,221,699,203,85,100,230
2026-07-28,216035502.1801488,153015.78583917758,56.04033778992187,1316,11891.433566433569,8864259.949826088,222,700,201,84,101,230
2026-07-29,215324855.8718636,156144.97248404057,55.855993741080034,1327,13000.0,8864259.949826088,221,698,215,85,101,228
2026-07-30,215156462.5802752,157462.2571393744,55.81231195337878,1326,12950.0,8864259.949826088,223,698,216,84,100,228
2026-07-31,215007130.86828592,147712.04897782113,55.77357480370581,1327,13000.0,8864259.949826088,222,699,217,83,101,227
2026-08-01,214902130.86828592,143988.72572436894,55.746337449620206,1327,13010.707685353673,8864259.949826088,222,698,218,84,101,226
2026-08-02,214840836.6824386,149473.36371343985,55.73043753111248,1323,13010.707685353673,8864259.949826088,224,696,218,82,101,226
2026-08-03,214971644.9004652,148951.70303508328,55.764369623985765,1324,13397.718981184247,8864259.949826088,223,696,218,83,101,226
2026-08-04,214712088.02442324,147569.47097830585,55.69703969505142,1324,13397.718981184247,8864259.949826088,223,697,217,84,101,225
2026-08-05,213168693.90342924,138472.2518727286,55.29667805536427,1322,13059.823601270384,8864259.949826088,225,697,217,84,101,223
2026-08-06,213174729.0162144,138371.71660442476,55.29824358397259,1321,13108.939517187096,8864259.949826088,225,696,217,84,101,223
2026-08-07,213305851.99948427,139045.55268438382,55.33225732801148,1321,13108.939517187096,8864259.949826088,225,696,216,84,102,223
2026-08-08,213599937.03801963,136541.62375218366,55.408543978734016,1321,13686.498445181402,8864259.949826088,225,695,217,83,102,224
2026-08-09,213867048.4598829,138818.9624848254,55.477833582330206,1321,13713.575875229906,8864259.949826088,225,694,217,83,102,225
2026-08-10,213501998.82693627,140731.97754676332,55.38313847650747,1319,13713.575875229906,8864259.949826088,225,693,216,83,104,223
2026-08-11,213501998.82693627,140725.5724867985,55.38313847650747,1319,13713.575875229906,8864259.949826088,225,693,216,83,104,223
2026-08-12,213316335.26116168,141134.3537354898,55.33497672144272,1318,13700.037160205655,8864259.949826088,227,692,216,83,105,222
